CloudFraction,Latitude,Longitude,ScanTime
0.000000,0.000000,0.000000,0
100.000008,-3.204792,-60.603859,1433619183
86.148300,-3.634544,-60.557186,1428178465
100.000000,-3.243148,-60.720657,1437855229
100.000000,-3.188245,-60.628647,1445672270
0.000000,0.000000,0.000000,0
0.000000,0.000000,0.000000,0
6.288741,-3.233599,-60.590508,1406964982
100.000008,-3.309546,-60.702579,1401135723
0.000000,0.000000,0.000000,0
84.004280,-3.225079,-60.637417,1443856588
0.000000,0.000000,0.000000,0
99.999992,-3.109056,-61.135925,1429172431
0.000000,0.000000,0.000000,0
100.000008,-3.220196,-60.567959,1405021789
100.000000,-3.188912,-60.583542,1425280326
99.999985,-3.238354,-60.618210,1420272689
91.988022,-3.199674,-60.573441,1397676826
0.000000,0.000000,0.000000,0
0.000000,0.000000,0.000000,0
100.000000,-3.150966,-60.690578,1392624811
75.273346,-3.149530,-60.451958,1399753339
91.523117,-2.961509,-59.650169,1388516102
100.000008,-3.245834,-60.516792,1451462885
0.000000,0.000000,0.000000,0
0.000000,0.000000,0.000000,0
100.000000,-3.205380,-60.591148,1390032094
0.000000,0.000000,0.000000,0
0.000000,0.000000,0.000000,0
43.734955,-3.236900,-60.623211,1408735893
100.000000,-3.161385,-60.701641,1392274776
6.250128,-3.221053,-60.561089,1435046255
38.574089,-3.169490,-60.552013,1438027206
0.000000,0.000000,0.000000,0
99.999992,-3.207030,-60.618084,1424936130
100.000000,-3.282723,-60.700195,1415992037
99.999992,-3.226360,-60.657883,1434874014
100.000000,-3.217407,-60.570461,1397893369
100.000000,-3.196822,-60.585052,1451806958
0.000000,0.000000,0.000000,0
29.274055,-3.230308,-60.567841,1411284357
93.813507,-3.224078,-60.563606,1406015667
100.000000,-3.236355,-60.553936,1392102780
38.135738,-3.195808,-60.586605,1401651814
100.000000,-3.175389,-60.603661,1432714488
100.000000,-3.198895,-60.601135,1392969005
100.000000,-3.303733,-60.738358,1423254086
0.000000,0.000000,0.000000,0
12.724724,-3.191200,-60.547695,1446232732
94.971817,-3.211913,-60.599689,1434352007
100.000000,-3.199305,-60.659203,1446188389
56.469395,-3.195373,-60.588127,1404416722
51.164124,-3.215729,-60.604935,1450379833
0.000000,0.000000,0.000000,0
100.000000,-3.196259,-60.622227,1405238484
99.999992,-3.207578,-60.628677,1424419945
57.873161,-3.222504,-60.590439,1443467981
25.078587,-3.202446,-60.622746,1436645004
100.000000,-3.206441,-60.646011,1448137262
99.999992,-3.176736,-60.580990,1434657318
52.946671,-3.210937,-60.657120,1432580851
51.090866,-3.225801,-60.624981,1387050652
100.000008,-3.241424,-60.569904,1402989899
100.000000,-3.218729,-60.550110,1444722793
0.000000,0.000000,0.000000,0
61.570656,-3.214364,-60.612282,1450035862
0.000000,0.000000,0.000000,0
29.494032,-3.279221,-60.705040,1410812422
0.000000,0.000000,0.000000,0
0.000000,0.000000,0.000000,0
100.000000,-3.218354,-60.616829,1419534057
99.999992,-2.993721,-59.566051,1424458447
73.393944,-3.155705,-60.500549,1446404841
100.000000,-3.223735,-60.637783,1451934457
0.357874,-3.221922,-60.569904,1436944740
99.999985,-3.235532,-60.540283,1426662673
100.000008,-3.222531,-60.567032,1433058629
100.000000,-3.244114,-60.622063,1390764683
0.000000,0.000000,0.000000,0
100.000008,-3.188283,-60.571667,1425713450
0.000000,0.000000,0.000000,0
99.450043,-3.099308,-61.153904,1433319571
100.000000,-3.246094,-60.599293,1387222718
0.000000,0.000000,0.000000,0
100.000000,-3.229649,-60.691208,1386101377
100.000000,-2.896367,-60.524376,1395039586
100.000000,-3.210331,-60.521805,1405321553
95.566055,-3.147424,-60.512352,1393618538
0.000000,0.000000,0.000000,0
100.000008,-3.205353,-60.616074,1413660369
100.000000,-3.239373,-60.607006,1448609050
32.042614,-3.208771,-60.596684,1386617623
95.043228,-3.147378,-60.498566,1447532096
99.999992,-3.195465,-60.605652,1425885508
100.000000,-3.217409,-60.639229,1440486706
0.000000,0.000000,0.000000,0
99.239456,-3.220875,-60.531418,1426190923
0.000000,0.000000,0.000000,0
0.000000,0.000000,0.000000,0
100.000000,-3.216088,-60.578545,1400530452
0.000000,0.000000,0.000000,0
89.890152,-3.206678,-60.611259,1391025806
0.000000,-2.225369,-60.450169,1418801322
78.941223,-3.223926,-60.576309,1429038870
91.261414,-3.012143,-59.513165,1394045738
74.250549,-3.216630,-60.557419,1432497596
22.804237,-3.210800,-60.661415,1435262597
29.726166,-3.209932,-60.572044,1443901129
0.000000,0.000000,0.000000,0
88.076904,-2.735439,-60.557560,1435129101
99.999992,-3.234709,-60.608543,1393746085
100.000000,-3.179588,-60.605213,1419062442
12.224880,-3.239000,-60.609379,1439320746
49.689098,-3.224229,-60.630669,1437033776
100.000000,-3.170451,-60.637913,1391242450
92.819122,-3.000764,-59.560936,1449341815
0.000000,0.000000,0.000000,0
100.000000,-3.212453,-60.582764,1444162103
100.000000,-3.201965,-60.633362,1385362789
87.396149,-3.004145,-59.571930,1398192927
70.500511,-3.210579,-60.557026,1441353029
37.851295,-3.223457,-60.591167,1433791129
100.000008,-3.243159,-60.571335,1422171408
66.081802,-3.195173,-60.622700,1386273381
100.000008,-2.983046,-59.563412,1428605812
100.000008,-3.220021,-60.571472,1398842713
100.000000,-3.171080,-60.559502,1392236086
99.999992,-3.187184,-60.620987,1403422938
98.676521,-3.229933,-60.642838,1417202340
100.000000,-3.200085,-60.619415,1431287402
100.000000,-3.368011,-60.546867,1416081007
11.431417,-3.232388,-60.570038,1437333129
84.800781,-3.205727,-60.649319,1423598242
20.769091,-3.213165,-60.584873,1433402631
40.492840,-3.218791,-60.613449,1430077253
100.000008,-3.181612,-60.643822,1399103777
100.000000,-3.248461,-60.530746,1403161900
0.000000,0.000000,0.000000,0
2.615955,-3.180730,-60.625660,1403594991
100.000000,-3.232870,-60.583740,1419623051
0.000000,-3.218518,-60.601280,1412061554
55.088348,-3.227443,-60.579987,1428261478
99.999992,-3.220117,-60.609360,1439581757
99.271378,-3.243500,-60.573311,1399447906
100.000000,-3.181339,-60.615574,1421738326
100.000008,-3.230069,-60.589863,1396855216
99.999992,-3.221133,-60.607697,1419839627
94.923592,-3.241911,-60.619644,1393529429
0.000000,0.000000,0.000000,0
82.105415,-3.694392,-60.528839,1405021828
99.999992,-3.197520,-60.607697,1395689086
81.317986,-3.214524,-60.618023,1391631011
21.611887,-3.176116,-60.576042,1436816991
70.378662,-3.249010,-60.609558,1409169007
100.000015,-3.150801,-60.526390,1446149766
100.000000,-3.218716,-60.572365,1407353520
100.000000,-3.236928,-60.602055,1420788980
100.000008,-3.195966,-60.689034,1411628427
0.000000,0.000000,0.000000,0
79.697243,-3.229402,-60.646290,1389726422
83.772568,-3.217537,-60.547409,1427051184
42.439140,-3.241431,-60.665741,1417374402
8.093218,-2.100109,-60.457619,1407742186
100.000000,-3.231597,-60.654022,1415386884
48.837357,-3.203070,-60.591511,1403983533
100.000008,-3.235571,-60.604301,1427528963
75.520645,-3.207549,-60.553249,1415303823
100.000000,-3.195244,-60.601246,1389771105
100.000000,-3.128633,-60.656136,1396422012
64.010544,-3.202262,-60.600060,1421782718
99.999992,-3.235962,-60.680611,1427573285
99.999992,-3.152500,-60.685814,1431331964
100.000000,-3.230470,-60.627785,1431071054
81.478889,-3.211910,-60.635513,1407614614
0.000000,0.000000,0.000000,0
65.143631,-3.206550,-60.590351,1400613580
0.000000,-3.235559,-60.613277,1411889448
100.000000,-3.270201,-60.650364,1424636570
0.000000,-3.229850,-60.623909,1435218109
0.000000,0.000000,0.000000,0
51.900394,-3.192372,-60.592579,1439753842
100.000000,-3.219874,-60.591011,1445283477
100.000000,-3.252454,-60.577057,1386490086
0.000000,0.000000,0.000000,0
100.000015,-3.177446,-60.615891,1430293953
99.999992,-3.206271,-60.579872,1386573031
99.999992,-3.182822,-60.694199,1398409469
53.392246,-3.194487,-60.659111,1431504165
100.000000,-3.173227,-60.497177,1412972100
0.000000,0.000000,0.000000,0
100.000008,-3.239727,-60.595505,1389165965
42.816570,-3.246255,-60.643143,1386878563
99.999992,-3.223874,-60.595192,1442302100
100.000008,-3.194208,-60.628872,1436428572
41.571815,-3.204918,-60.458492,1386706628
0.000000,0.000000,0.000000,0
82.931282,-3.208485,-60.586720,1447876142
15.604349,-3.244783,-60.589584,1406920415
0.000000,0.000000,0.000000,0
0.000000,0.000000,0.000000,0
98.036163,-3.255826,-60.644630,1428433708
96.065010,-3.184262,-60.611404,1392580227
4.062791,-3.181917,-60.677078,1401779567
0.000000,0.000000,0.000000,0
99.999992,-2.613439,-60.529526,1439537279
0.000000,0.000000,0.000000,0
0.000000,0.000000,0.000000,0
0.000000,0.000000,0.000000,0
76.121902,-3.208719,-60.622303,1448048332
0.000000,0.000000,0.000000,0
55.945389,-3.189262,-60.564297,1407137037
0.000000,-1.330770,-60.340977,1402212732
100.000000,-3.253381,-60.493027,1443168351
33.706894,-3.186955,-60.604073,1435173659
100.000000,-3.152116,-60.646107,1415775615
36.127502,-2.264795,-60.486408,1385279686
100.000000,-3.195471,-60.570129,1430465938
0.000000,0.000000,0.000000,0
16.960529,-3.227404,-60.623055,1412711006
100.000000,-3.225477,-60.583660,1390159561
87.277222,-4.718233,-60.393677,1439925823
98.279633,-3.223377,-60.585640,1396166868
100.000000,-3.262035,-60.556377,1402556795
100.000008,-2.378769,-60.513279,1397721308
100.000000,-3.188177,-60.632568,1392191782
100.000008,-3.226212,-60.575745,1430249244
39.584312,-3.211389,-60.526836,1404544391
100.000000,-3.228008,-60.688393,1423426249
0.000000,0.000000,0.000000,0
69.867622,-3.217849,-60.599503,1437893962
33.926929,-1.537483,-60.407181,1442646351
0.000000,0.000000,0.000000,0
91.755051,-3.228241,-60.564072,1422387808
0.000000,-3.193995,-60.576088,1442907305
97.551056,-3.199579,-60.525097,1421266473
3.567693,-3.211230,-60.610111,1404633322
96.263397,-3.223327,-60.650291,1386184389
0.000000,0.000000,0.000000,0
0.000000,0.000000,0.000000,0
0.000000,0.000000,0.000000,0
74.275024,-3.210487,-60.606030,1450640903
96.367012,-2.945176,-59.607151,1436900118
0.000000,0.000000,0.000000,0
100.000000,-3.193623,-60.572746,1410679110
100.000000,-3.193158,-60.582336,1407226048
100.000008,-3.236140,-60.495613,1439881628
99.999992,-3.190864,-60.615883,1412666599
100.000000,-3.214753,-60.624100,1431415159
100.000015,-3.192455,-60.626633,1415864643
0.000000,-3.213315,-60.696716,1441786116
99.999992,-3.228643,-60.602467,1414998329
100.000008,-3.218415,-60.613499,1401562986
69.232437,-0.818358,-60.267441,1439881422
0.000000,-3.232438,-60.590088,1408347463
69.196701,-3.221284,-60.580750,1411067612
19.735048,-3.199876,-60.615627,1415475770
81.171333,-3.213790,-60.559044,1394911961
100.000008,-3.136036,-61.153622,1413966063
100.000000,-3.183882,-60.711014,1435129226
100.000000,-3.641231,-60.522228,1403639470
100.000008,-3.236736,-60.630268,1389554428
0.000000,0.000000,0.000000,0
24.765141,-3.220096,-60.585457,1407570103
99.999992,-3.191286,-60.624020,1451074010
0.000000,0.000000,0.000000,0
24.729137,-0.520975,-60.231567,1412233591
100.000000,-3.246700,-60.629623,1393962583
0.000000,0.000000,0.000000,0
98.948616,-3.242703,-60.612961,1400441644
100.000000,-3.206538,-60.556351,1395472627
100.000008,-3.230366,-60.580452,1446621520
89.763428,-3.049244,-61.128632,1447143522
54.190994,-3.225858,-60.591705,1389815353
71.076965,-4.399347,-60.430481,1388432986
100.000000,-3.236180,-60.616287,1395561721
100.000000,-3.205947,-60.585239,1416902913
100.000000,-3.215736,-60.569588,1425452368
100.000000,-3.201092,-60.594505,1388044476
92.395638,-3.239086,-60.609161,1420228242
97.542198,-3.247945,-60.585052,1431676169
99.460243,-3.229300,-60.578514,1429472013
0.000000,0.000000,0.000000,0
98.647858,-3.234216,-60.549149,1412233510
100.000000,-3.198064,-60.593140,1445328055
100.000000,-3.229811,-60.617695,1406620869
79.273201,-3.232749,-60.574657,1436383956
2.128930,-3.263863,-60.688927,1439842822
93.693573,-3.279089,-60.691723,1434740470
0.000000,0.000000,0.000000,0
28.347673,-3.204773,-60.597427,1407742245
0.000000,0.000000,0.000000,0
78.437141,-3.206741,-60.582729,1445627713
100.000000,-3.230949,-60.621376,1438327104
100.000000,-3.234732,-60.595482,1416469699
100.000000,-3.189178,-60.690655,1423037623
0.000000,0.000000,0.000000,0
0.000000,0.000000,0.000000,0
98.836197,-3.431387,-60.530365,1433707979
80.928558,-3.312138,-60.687439,1446754867
100.000000,-3.238341,-60.568336,1401263402
73.638481,-3.197617,-60.728168,1414743142
100.000000,-3.835770,-60.477234,1448137143
100.000008,-3.221529,-60.630615,1392708053
100.000008,-3.227425,-60.569027,1419667694
100.000000,-3.210719,-60.599041,1426968175
86.685349,-3.228271,-60.631996,1410767975
100.000008,-3.223085,-60.631588,1407398205
100.000000,-2.233687,-60.442204,1389771069
39.123909,-3.207267,-60.617256,1406404183
98.169067,-3.241284,-60.587936,1400874729
0.000000,0.000000,0.000000,0
100.000000,-3.019597,-59.604275,1421693707
65.741936,-3.201151,-60.565983,1421954804
100.000000,-3.255318,-60.559429,1430898830
99.277557,-3.219496,-60.624611,1437377812
44.636711,-3.207609,-60.585678,1443123832
100.000000,-3.196603,-60.642643,1412838732
0.000000,0.000000,0.000000,0
88.892685,-3.211311,-60.619659,1391886203
0.000000,0.000000,0.000000,0
0.000000,-3.204190,-60.550133,1442563278
91.339188,-3.270983,-60.567127,1422648900
100.000008,-3.205910,-60.541626,1411589739
0.000000,0.000000,0.000000,0
100.000008,-3.240628,-60.593014,1427701105
88.505928,-3.237455,-60.643475,1415819937
100.000008,-3.229971,-60.570084,1390981453
0.000000,0.000000,0.000000,0
0.000000,0.000000,0.000000,0
84.325836,-3.221989,-60.610249,1447181971
0.000000,0.000000,0.000000,0
0.000000,0.000000,0.000000,0
23.213308,-3.191763,-60.580185,1407958750
100.000000,-3.181711,-60.590797,1394523460
100.000000,-2.558684,-60.527939,1422687671
98.481773,-3.212005,-60.513599,1384719029
100.000008,-3.223933,-60.605221,1394867554
0.000000,0.000000,0.000000,0
100.000000,-3.153320,-60.675419,1421655221
62.317398,-3.229716,-60.549297,1407525491
0.000000,0.000000,0.000000,0
69.911003,-2.997743,-59.603722,1412016987
63.801655,-3.207140,-60.653889,1408863636
0.000000,0.000000,0.000000,0
99.999992,-3.194052,-60.684219,1421305121
100.000008,-3.235432,-60.594902,1403856089
100.000000,-3.234982,-60.575325,1434829521
0.000000,0.000000,0.000000,0
100.000000,-3.228240,-60.634418,1390204095
96.276688,-3.196641,-60.609215,1412538875
0.000000,0.000000,0.000000,0
100.000008,-3.193888,-60.652573,1416297720
0.000000,0.000000,0.000000,0
100.000000,-3.234053,-60.495132,1388127678
0.000000,-3.276351,-60.512814,1440403569
100.000000,-3.206448,-60.610096,1419017892
100.000000,-3.181746,-60.598022,1389987494
100.000000,-3.199563,-60.598122,1408780529
100.000000,-3.172332,-60.646683,1447398740
100.000008,-3.212779,-60.517776,1432109317
0.000000,0.000000,0.000000,0
90.305504,-3.217312,-60.639435,1393873630
99.999992,-3.211735,-60.554375,1451329175
100.000000,-3.193315,-60.645077,1386012391
100.000000,-3.164185,-60.663445,1438499208
90.216705,-3.191079,-60.520710,1415736880
0.000000,0.000000,0.000000,0
99.999992,-3.188184,-60.604774,1397504606
100.000015,-3.197331,-60.636463,1390548390
85.739761,-3.215499,-60.527580,1433880263
100.000008,-3.265077,-60.537937,1396466408
100.000008,-3.207775,-60.578056,1429344517
100.000000,-3.054838,-61.161415,1422260453
100.000000,-3.237875,-60.601421,1412883076
0.000000,0.000000,0.000000,0
100.000000,-3.235427,-60.562862,1446493774
93.988541,-3.235916,-60.591518,1444850348
99.999992,-3.215253,-60.636547,1388171918
100.000000,-3.226102,-60.611904,1429905052
100.000000,-3.201006,-60.621880,1429210953
0.000000,0.000000,0.000000,0
100.000000,-1.442968,-60.273602,1450940643
100.000000,-3.246974,-60.528507,1397027154
0.000000,0.000000,0.000000,0
100.000000,-3.192602,-60.562965,1385451817
86.434868,-3.180496,-60.575829,1405537892
100.000000,-2.109027,-60.409264,1433663750
0.000000,0.000000,0.000000,0
59.292000,-3.269644,-60.575500,1411933838
43.409012,-3.222697,-60.558441,1438244019
20.011158,-3.213444,-60.671097,1402690056
100.000000,-3.201302,-60.528217,1416986007
75.155411,-3.307535,-60.740055,1392841283
82.385483,-3.207619,-60.693581,1409079953
100.000000,-3.233685,-60.608467,1449042143
0.000000,0.000000,0.000000,0
49.671337,-3.154402,-60.540520,1401912992
100.000008,-3.224494,-60.568844,1397460328
100.000008,-3.218550,-60.661873,1390936822
99.272797,-3.211192,-60.586861,1386745201
82.259766,-3.232350,-60.655109,1450551933
94.704369,-3.215340,-60.709972,1391108852
100.000000,-3.236575,-60.621567,1434052184
100.000000,-3.161307,-60.544830,1396383272
100.000000,-3.061132,-61.139942,1397377150
30.579006,-3.211998,-60.591404,1408996951
96.038544,-3.193139,-60.603336,1390420552
100.000000,-3.220455,-60.537430,1396249948
0.000000,0.000000,0.000000,0
100.000000,-3.242536,-60.550877,1428650312
0.000000,0.000000,0.000000,0
100.000008,-3.053289,-61.285984,1384935571
100.000008,-3.247895,-60.574066,1401435492
27.258663,-3.185006,-60.584805,1402429111
100.000000,-2.896920,-60.460430,1426834808
86.207680,-3.203199,-60.662270,1447787329
29.851988,-3.244706,-60.665039,1441480349
73.158813,-3.203185,-60.606895,1433185903
3.431203,-3.247689,-60.685001,1442862785
0.000000,0.000000,0.000000,0
100.000000,-4.101517,-60.459316,1450985130
82.229019,-3.202569,-60.626823,1411545236
67.559143,-3.206201,-60.566776,1390376250
100.000000,-3.234929,-60.582958,1444805924
91.298050,-3.231816,-60.640175,1424719511
88.731323,-3.207286,-60.592453,1413832385
100.000000,-3.224959,-60.631020,1425668927
100.000000,-3.214183,-60.592525,1417852189
100.000000,-3.222641,-60.602627,1426535077
100.000000,-3.211027,-60.617928,1422776583
100.000000,-2.456444,-60.473328,1399103687
100.000008,-3.205227,-60.594208,1412622128
100.000008,-3.207438,-60.546814,1450252551
100.000000,-3.283844,-60.595810,1385929237
100.000000,-3.024990,-59.601364,1431370506
100.000000,-3.193799,-60.616333,1395345060
100.000000,-3.184530,-60.557999,1387483795
99.999992,-3.210953,-60.522224,1401174324
63.990273,-3.216496,-60.610294,1419190013
100.000015,-3.221925,-60.610729,1417074978
0.000000,0.000000,0.000000,0
100.000008,-3.238990,-60.595757,1447099051
100.000008,-3.223106,-60.601906,1424980720
0.000000,-3.217073,-60.571217,1408608432
100.000000,-3.215347,-60.620575,1432064724
100.000008,-3.181520,-60.587345,1433230652
92.495125,-3.198074,-60.568600,1391713991
100.000000,-3.204172,-60.580929,1427095949
100.000000,-3.200089,-60.602047,1418024178
99.999992,-3.228833,-60.651138,1438460423
99.786072,-3.189954,-60.615444,1432669893
100.000015,-3.182689,-60.621040,1430638040
100.000000,-3.235230,-60.597080,1388216549
91.703232,-3.240937,-60.633980,1416769242
100.000008,-3.187539,-60.575752,1420916570
95.782066,-3.229476,-60.622517,1447615211
100.000008,-3.239315,-60.562222,1451634983
42.497868,-3.218976,-60.618973,1437594245
100.000008,-3.193417,-60.597797,1431026396
96.196724,-3.248116,-60.619781,1396033371
64.453522,-3.195284,-60.569931,1406232087
100.000000,-3.165181,-60.524239,1417119341
40.172237,-3.242691,-60.686562,1403550444
99.033142,-3.112112,-60.480892,1430166131
100.000000,-3.303127,-60.509190,1427184878
100.000008,-3.208066,-60.646133,1414826416
91.230240,-3.218224,-60.576942,1405710104
100.000000,-3.217364,-60.591236,1389254882
65.881813,-3.205669,-60.590958,1440703215
99.999985,-3.231011,-60.588203,1412927509
99.999992,-3.201059,-60.568302,1439925805
82.186569,-3.248024,-60.549664,1424503153
32.691601,-3.218083,-60.677490,1431720452
0.000000,0.000000,0.000000,0
99.379524,-3.204599,-60.522503,1441180766
44.234165,-3.204235,-60.567863,1420661350
0.000000,0.000000,0.000000,0
100.000000,-3.223519,-60.574509,1449863814
100.000000,-3.205073,-60.516003,1415131700
3.282433,-3.247099,-60.576935,1441525074
38.287041,-3.158355,-60.494987,1410462404
100.000008,-3.196984,-60.610508,1432625463
68.391769,-2.168744,-60.524296,1428217144
81.334808,-3.228725,-60.572941,1428306132
99.999992,-3.206710,-60.544281,1398237416
99.999985,-3.213516,-60.621349,1410162794
100.000008,-3.192429,-60.597603,1412450032
67.800224,-3.181466,-60.667549,1436861563
90.481606,-3.186046,-60.610664,1414265463
40.545479,-3.228725,-60.645439,1409602064
86.654907,-3.211987,-60.602791,1390503694
82.797829,-3.227206,-60.558224,1447704218
94.676781,-3.209771,-60.646927,1446926852
100.000000,-3.210078,-60.569473,1398065385
0.000000,0.000000,0.000000,0
0.000000,0.000000,0.000000,0
0.000000,0.000000,0.000000,0
100.000000,-3.227485,-60.579475,1422731956
100.000000,-3.088193,-61.157135,1423642772
2.810385,-3.226326,-60.649124,1405926751
77.983948,-3.205383,-60.558247,1409557678
100.000008,-3.233597,-60.631947,1413099834
4.269014,-3.215104,-60.640476,1439104323
100.000000,-0.640441,-60.243134,1409468749
0.000000,-3.207786,-60.657684,1439709435
0.000000,0.000000,0.000000,0
100.000000,-3.154493,-60.526798,1422903990
100.000008,-3.192410,-60.571873,1408175382
99.999992,-3.192452,-60.611755,1385107610
98.294991,-3.214726,-60.586906,1388777171
85.564957,-3.167934,-60.514908,1425063607
100.000000,-2.385850,-60.477795,1435046086
100.000000,-3.229475,-60.661610,1426274081
77.534637,-3.207630,-60.649841,1388949240
62.343216,-3.197263,-60.607365,1435434709
15.759609,-3.202317,-60.624153,1440014947
97.804489,-3.265498,-60.537865,1437638807
0.000000,0.000000,0.000000,0
100.000000,-3.229336,-60.622952,1395300595
100.000000,-2.993876,-59.635460,1399575315
100.000000,-3.216234,-60.615437,1451029632
100.000000,-2.744003,-60.518066,1409124587
100.000008,-3.076609,-61.073792,1425025202
100.000000,-4.126749,-60.479004,1391197807
0.000000,0.000000,0.000000,0
70.438354,-3.167051,-60.555130,1421349539
100.000000,-3.241929,-60.614151,1430854342
100.000000,-3.190184,-60.605263,1421566180
100.000000,-0.711756,-60.258488,1410851128
98.856880,-3.147574,-60.556747,1427401367
100.000008,-3.232058,-60.581394,1384585666
93.278801,-3.217233,-60.575706,1414354492
0.000000,0.000000,0.000000,0
84.236542,-3.233639,-60.550102,1441008826
4.745989,-3.205935,-60.599812,1440142587
100.000000,-3.249493,-60.573822,1391325559
0.000000,0.000000,0.000000,0
99.999992,-3.221904,-60.601234,1447659637
100.000000,-3.141288,-60.667786,1407481169
87.810661,-3.218840,-60.558319,1422215811
84.661018,-3.231164,-60.615173,1418196156
0.000000,-3.244908,-60.597137,1402817892
39.932671,-2.409039,-60.491177,1406359849
100.000008,-3.206144,-60.517548,1430121787
46.905136,-3.229505,-60.721889,1413577329
60.594341,-3.196146,-60.523705,1387566811
99.999992,-3.177137,-60.637276,1425369295
0.000000,0.000000,0.000000,0
100.000000,-3.242402,-60.617706,1397332670
64.683861,-3.190822,-60.578239,1390331599
100.000000,-3.235827,-60.631210,1416686195
69.999481,-3.193396,-60.583778,1440919803
0.000000,0.000000,0.000000,0
100.000000,-3.265754,-60.680965,1390076470
0.000000,0.000000,0.000000,0
100.000008,-3.218446,-60.582199,1414049073
100.000008,-3.150597,-60.696575,1429599741
62.564117,-3.202782,-60.589451,1438632523
100.000000,-3.223651,-60.629677,1431631553
0.000000,0.000000,0.000000,0
52.847893,-3.232476,-60.578735,1442085565
100.000000,-3.230161,-60.509304,1391497547
0.000000,0.000000,0.000000,0
89.133530,-3.238142,-60.642025,1386961633
100.000000,-3.076597,-61.136871,1445761101
100.000000,-3.247587,-60.581635,1447054585
100.000008,-3.073014,-61.129536,1401524332
41.582466,-3.189065,-60.601055,1403250864
100.000000,-3.232640,-60.562515,1395733795
99.999992,-3.221912,-60.572620,1394090181
0.000000,-3.226113,-60.625145,1441091813
100.000000,-3.232076,-60.587536,1403034276
0.000000,0.000000,0.000000,0
100.000008,-3.223794,-60.599648,1401479910
25.256676,-3.212815,-60.553982,1437810993
77.331146,-3.231536,-60.566013,1405582685
0.000000,0.000000,0.000000,0
24.852680,-3.206366,-60.544212,1434268882
99.999992,-3.048689,-61.067921,1441614006
99.999992,-3.123430,-60.514591,1426446084
100.000000,-3.203681,-60.604370,1416858266
77.457764,-3.220484,-60.581684,1448309313
31.178837,-3.194443,-60.598511,1417463435
99.999992,-3.193775,-60.582066,1440964127
100.000000,-3.167744,-60.662437,1416125716
100.000000,-3.191293,-60.602577,1451373984
100.000008,-3.039307,-59.545700,1450724172
100.000000,-4.118539,-60.489517,1431026364
100.000000,-3.243188,-60.591228,1407181423
100.000000,-3.182616,-60.600124,1416641825
100.000008,-3.208843,-60.685123,1416514189
49.193989,-3.221035,-60.534477,1397632503
38.864220,-3.234457,-60.519115,1409468734
100.000000,-3.259504,-60.701977,1437078038
100.000008,-3.170552,-60.674225,1410246106
0.000000,-1.492812,-60.368271,1436772565
100.000015,-2.953197,-59.594585,1405105036
81.698257,-3.207649,-60.568695,1420444910
15.005236,-3.187629,-60.591473,1447831680
0.000000,0.000000,0.000000,0
93.605972,-3.180897,-60.547398,1394223542
93.435303,-3.193433,-60.623528,1414870702
100.000000,-3.244188,-60.507725,1426834808
19.312866,-3.216613,-60.578545,1416253124
100.000000,-3.148469,-60.666943,1424070019
100.000008,-3.229213,-60.618721,1423553876
85.128540,-3.184770,-60.605530,1392752309
0.000000,0.000000,0.000000,0
46.418419,-3.208659,-60.525951,1434485445
57.131233,-3.127215,-60.474648,1388694066
95.913353,-3.671803,-60.532986,1448220308
99.999985,-3.175384,-60.613178,1395389533
77.310471,-3.232798,-60.627930,1408952541
100.000000,-2.618286,-60.528114,1399186849
49.673740,-3.233290,-60.670334,1434568422
79.015900,-3.235736,-60.597958,1411717340
50.414719,-3.216848,-60.574032,1400097419
100.000000,-2.630154,-60.506241,1425369307
0.000000,0.000000,0.000000,0
100.000000,-3.193619,-60.559036,1419578665
0.000000,0.000000,0.000000,0
100.000000,-3.205610,-60.625927,1423986879
99.999992,-3.235699,-60.604752,1424203276
92.989899,-3.223415,-60.575535,1418673739
100.000000,-3.202999,-60.575279,1447920789
0.000000,0.000000,0.000000,0
93.991730,-4.678246,-60.353222,1387050565
100.000000,-3.246788,-60.510719,1390115140
99.999992,-3.220542,-60.588085,1417507936
100.000000,-3.201768,-60.611641,1400830208
93.770691,-3.236789,-60.596008,1443773576
78.770523,-3.261446,-60.721748,1396988465
100.000000,-3.235917,-60.598640,1386401055
83.020699,-3.238875,-60.693539,1450901935
100.000000,-3.232440,-60.564857,1389643309
100.000008,-3.202940,-60.631821,1393096466
0.000000,0.000000,0.000000,0
100.000000,-3.193423,-60.576500,1420616947
45.851349,-3.232172,-60.574875,1442391122
100.000008,-3.191921,-60.614517,1417591145
62.902718,-3.216353,-60.625427,1414698621
60.293289,-3.212012,-60.594898,1409685273
99.999985,-2.965596,-59.613808,1400957621
69.134735,-3.198237,-60.585030,1442779790
7.384993,-3.240871,-60.553421,1403767155
98.007210,-1.250778,-60.326694,1388388649
99.999992,-3.192677,-60.630825,1434224256
99.999992,-3.234449,-60.575996,1428045097
24.347349,-3.178742,-60.583954,1396727387
94.108948,-3.214569,-60.525368,1419145598
0.000000,0.000000,0.000000,0
99.999992,-3.215898,-60.584625,1421394131
82.421684,-3.229838,-60.603203,1404244636
100.000000,-3.205547,-60.573204,1413271800
100.000000,-3.174227,-60.648521,1427962058
88.545105,-3.225700,-60.624382,1405193895
95.936485,-3.222021,-60.613045,1451418287
100.000000,-3.188403,-60.570625,1431848149
99.999992,-3.207926,-60.645596,1393268463
56.936504,-3.182886,-60.587624,1387999931
99.999992,-3.169764,-60.516754,1429816129
38.738499,-3.218190,-60.607838,1437161207
53.852737,-2.553818,-60.508087,1400486212
0.000000,0.000000,0.000000,0
76.658195,-3.220517,-60.570961,1427140202
0.000000,0.000000,0.000000,0
100.000000,-3.205191,-60.598412,1403811477
85.373787,-3.466877,-60.586315,1407786544
0.000000,0.000000,0.000000,0
98.512634,-3.199343,-60.590305,1417896489
99.999992,-2.979296,-59.544777,1447959214
100.000000,-3.185164,-60.596512,1394567806
99.999992,-3.197584,-60.542873,1422604469
0.000000,0.000000,0.000000,0
100.000000,-3.212342,-60.515564,1406704075
99.999992,-3.238867,-60.581234,1411112085
57.590858,-3.198469,-60.534225,1435345738
100.000000,-3.232617,-60.578751,1426923873
98.008232,-3.203511,-60.563000,1429561055
51.568848,-3.224249,-60.589836,1411328598
0.000000,0.000000,0.000000,0
0.000000,0.000000,0.000000,0
0.000000,0.000000,0.000000,0
46.744125,-3.226324,-60.556602,1438804615
99.999992,-4.235735,-60.462551,1446837758
0.000000,0.000000,0.000000,0
76.134537,-3.210622,-60.520893,1388866166
0.000000,0.000000,0.000000,0
100.000008,-3.266937,-60.535252,1432969626
99.999992,-3.201546,-60.640633,1399619878
63.496834,-3.170361,-60.594574,1437505195
44.302109,-3.244055,-60.687683,1394395768
100.000000,-3.182564,-60.633133,1410940154
0.000000,0.000000,0.000000,0
0.000000,0.000000,0.000000,0
100.000000,-3.231493,-60.623913,1420961130
61.333961,-3.225588,-60.610439,1409341043
0.000000,-1.628631,-60.426224,1444028622
100.000000,-3.094626,-61.272949,1386317990
100.000000,-3.091442,-60.569454,1388044507
100.000000,-3.195780,-60.581379,1404977449
100.000000,-3.206108,-60.605732,1387611429
0.000000,0.000000,0.000000,0
0.000000,0.000000,0.000000,0
0.000000,0.000000,0.000000,0
0.000000,0.000000,0.000000,0
100.000000,-2.278505,-60.446102,1422604422
0.000000,0.000000,0.000000,0
100.000000,-3.208902,-60.628769,1398498514
100.000000,-3.186416,-60.614014,1415087366
38.879612,-3.256942,-60.642479,1408908073
0.000000,0.000000,0.000000,0
0.000000,0.000000,0.000000,0
99.999992,-3.222677,-60.644394,1387350297
99.999992,-3.185348,-60.573841,1396899451
51.144089,-3.227474,-60.589775,1405626909
100.000000,-3.230785,-60.584858,1393402012
0.000000,0.000000,0.000000,0
100.000000,-3.243125,-60.643600,1413055149
18.898975,-3.231980,-60.571999,1411500705
94.631989,-0.356167,-60.182549,1406703970
91.491005,-3.207900,-60.638660,1398798112
100.000000,-3.196214,-60.606934,1445155988
24.989889,-3.197167,-60.596985,1409946213
100.000000,-3.209309,-60.656727,1413360820
100.000000,-3.197350,-60.588478,1386834185
99.999992,-3.202973,-60.561573,1448481305
100.000000,-3.061644,-61.101959,1444378825
67.863487,-3.226961,-60.587788,1421610549
0.000000,0.000000,0.000000,0
100.000000,-3.228163,-60.518887,1448697989
0.000000,0.000000,0.000000,0
99.999985,-2.993286,-59.598953,1446576826
59.850468,-3.243046,-60.588623,1391975030
41.568432,-3.186344,-60.603344,1428522668
100.000000,-3.089825,-61.107483,1420877968
100.000000,-3.243247,-60.612194,1401218724
99.999992,-3.240056,-60.573864,1420400200
100.000000,-3.031891,-61.130108,1408436316
0.000000,0.000000,0.000000,0
99.495499,-3.181436,-60.639900,1434179992
0.000000,0.000000,0.000000,0
0.000000,-3.229244,-60.621033,1408474880
53.637672,-3.238588,-60.656052,1439492823
100.000000,-3.245273,-60.572109,1433574750
100.000000,-3.205125,-60.632244,1423509244
100.000000,-3.200572,-60.507553,1408824852
0.000000,-3.195631,-60.589958,1406187791
99.999992,-3.183310,-60.601639,1437549789
77.864197,-3.263859,-60.686916,1449519685
99.999992,-3.240579,-60.576626,1452023405
56.540291,-3.217308,-60.613827,1406143155
0.000000,0.000000,0.000000,0
100.000000,-3.181741,-60.591820,1430809953
0.000000,0.000000,0.000000,0
0.000000,0.000000,0.000000,0
100.000008,-3.216365,-60.575878,1440747838
66.890190,-3.218658,-60.610970,1397937896
99.999992,-3.222746,-60.705460,1444767168
95.144409,-3.214411,-60.602928,1403467484
100.000000,-3.192226,-60.627365,1396944080
92.322075,-3.165313,-60.441822,1414959672
99.999992,-3.187287,-60.598244,1394351290
70.603600,-3.189912,-60.571835,1418151761
0.000000,0.000000,0.000000,0
97.476730,-3.191045,-60.587772,1439626425
99.999992,-3.089371,-61.143150,1398759585
93.183594,-3.205753,-60.674622,1421133146
1.883544,-3.221121,-60.659187,1435867852
30.327164,-3.195204,-60.552048,1410290381
100.000000,-3.242921,-60.614319,1426101900
0.000000,0.000000,0.000000,0
0.000000,0.000000,0.000000,0
83.397659,-3.207070,-60.552032,1400486077
98.474777,-3.217984,-60.548016,1389038126
0.000000,0.000000,0.000000,0
8.374380,-3.178986,-60.572952,1438199264
82.169212,-3.160276,-60.530014,1403295245
83.439697,-3.214193,-60.614067,1406098730
100.000000,-3.152650,-60.667931,1420527867
0.000000,0.000000,0.000000,0
100.000008,-3.077672,-61.070938,1426407694
100.000000,-3.214175,-60.576580,1444894955
100.000000,-3.223607,-60.550297,1423897976
59.998188,-3.226556,-60.637184,1414004542
100.000000,-3.265733,-60.535561,1446793492
100.000000,-3.192556,-60.605061,1422992987
100.000000,-3.075496,-61.059269,1394612333
99.999985,-3.175110,-60.575928,1392319084
47.221962,-2.665447,-60.513607,1438154965
0.000000,0.000000,0.000000,0
100.000008,-3.225120,-60.568295,1435090564
38.259560,-1.944083,-60.406845,1414654208
0.000000,0.000000,0.000000,0
100.000008,-3.066125,-61.133652,1419495527
100.000000,-3.216365,-60.597496,1451979041
100.000000,-3.249524,-60.626354,1388088815
94.952499,-3.255877,-60.713814,1432930877
0.000000,0.000000,0.000000,0
100.000000,-3.246300,-60.596409,1423725937
0.000000,0.000000,0.000000,0
0.000000,0.000000,0.000000,0
99.999992,-3.208743,-60.579796,1407786514
100.000000,-3.206853,-60.635792,1418584832
88.920532,-3.082482,-61.136402,1411201134
54.784126,-2.992555,-59.600224,1402340099
4.555780,-3.190234,-60.535225,1404677732
11.712813,-3.227667,-60.638203,1435778803
0.000000,0.000000,0.000000,0
96.142776,-3.154748,-60.654438,1436511554
0.000000,0.000000,0.000000,0
0.000000,0.000000,0.000000,0
0.000000,-3.190510,-60.594055,1440314640
0.000000,0.000000,0.000000,0
86.640678,-1.993150,-60.368187,1448175844
77.587547,-3.247730,-60.496655,1385324025
91.413307,-3.226367,-60.616261,1419451009
99.999992,-3.213336,-60.596436,1429688583
37.820526,-3.280445,-60.684208,1428783615
0.000000,-3.182912,-60.648113,1443340508
45.315907,-3.224057,-60.589073,1434396312
99.999992,-3.198888,-60.584633,1431803597
49.155754,-3.195200,-60.572525,1450468930
0.000000,-3.239064,-60.602707,1439365321
100.000000,-3.188404,-60.618713,1415259415
100.000000,-3.193543,-60.578030,1423942340
99.999992,-3.204577,-60.595810,1450685483
100.000000,-3.191952,-60.490784,1394650887
83.922798,-3.219261,-60.682529,1442646363
68.762756,-3.193840,-60.645638,1441569267
100.000000,-3.224212,-60.676437,1445372431
0.000000,0.000000,0.000000,0
0.000000,0.000000,0.000000,0
91.470306,-3.110368,-60.449844,1421871666
4.146496,-3.236722,-60.545467,1411456230
100.000000,-3.209831,-60.523712,1419750683
100.000000,-3.224002,-60.657368,1418368337
99.999992,-3.228558,-60.592602,1428694682
15.870035,-3.133800,-60.570541,1446449364
0.000000,0.000000,0.000000,0
52.568573,-4.065068,-60.448029,1436817115
77.982887,-3.222894,-60.704742,1400180543
100.000008,-3.233282,-60.586014,1409990877
60.431309,-3.149217,-60.519585,1441652464
33.260998,-3.201927,-60.641525,1411761695
74.740425,-3.218588,-60.567047,1441397367
100.000000,-3.202832,-60.583370,1397549204
100.000000,-3.222158,-60.596497,1385712882
0.000000,0.000000,0.000000,0
0.000000,-3.202023,-60.588673,1407914321
0.000000,0.000000,0.000000,0
99.999992,-2.988348,-60.570259,1393657186
99.999992,-3.181246,-60.679031,1387872340
46.190033,-3.234539,-60.617783,1445544450
0.000000,0.000000,0.000000,0
100.000000,-3.222198,-60.568203,1450985117
100.000000,-3.227532,-60.587090,1424764143
44.372284,-3.231281,-60.598957,1408302734
100.000008,-3.153104,-60.696327,1399186842
9.519026,-3.201261,-60.617405,1405754694
9.525335,-3.311802,-60.696854,1405282842
0.000000,0.000000,0.000000,0
99.999992,-3.125778,-60.496582,1450296771
96.957985,-3.183424,-60.482262,1451679260
29.973686,-3.217955,-60.554951,1436555876
99.999992,-3.136046,-60.676987,1400919062
0.000000,-2.483085,-60.503410,1386662086
33.587776,-3.231083,-60.629017,1402601128
3.518529,-3.215488,-60.622581,1403639456
100.000000,-3.054461,-61.102444,1418113136
99.999992,-3.244452,-60.585304,1443512472
99.999985,-3.216108,-60.581421,1398625887
0.000000,0.000000,0.000000,0
96.314499,-3.261979,-60.540394,1405843630
0.000000,0.000000,0.000000,0
27.452705,-3.262006,-60.619728,1407092459
93.443703,-3.290118,-60.676590,1403900484
100.000000,-3.230533,-60.670944,1449169570
70.604988,-3.205033,-60.651711,1442951789
0.000000,0.000000,0.000000,0
100.000008,-3.241622,-60.607559,1449258692
99.999992,-3.204985,-60.574780,1416080959
70.388626,-3.236214,-60.588844,1447009981
33.130806,-3.185884,-60.616081,1447443067
100.000000,-3.193953,-60.618134,1396338909
100.000008,-3.204596,-60.598675,1428567271
100.000000,-3.060250,-61.184132,1434701971
0.000000,-3.215677,-60.503807,1439021227
100.000000,-3.190760,-60.580589,1392019616
100.000000,-3.238252,-60.549046,1448092881
97.229362,-3.269042,-60.689411,1391458831
100.000000,-3.171267,-60.598843,1421222102
99.999992,-3.220127,-60.596714,1429299883
100.000008,-2.950272,-59.561184,1443812085
35.774605,-3.223241,-60.608730,1440359127
90.324051,-3.230840,-60.647343,1413749248
0.000000,-3.213039,-60.557304,1408519538
0.000000,0.000000,0.000000,0
100.000000,-3.198962,-60.575676,1393918197
0.000000,0.000000,0.000000,0
0.000000,-3.240324,-60.598320,1438760180
100.000000,-3.216862,-60.609135,1414138124
100.000015,-3.198286,-60.569221,1387783571
52.148952,-3.205184,-60.538837,1399403268
0.000000,0.000000,0.000000,0
99.999992,-3.236351,-60.616199,1418240646
100.000000,-3.197329,-60.490700,1407697640
83.034576,-3.236655,-60.579121,1443729010
100.000000,-3.208166,-60.670410,1421827279
41.803337,-3.197330,-60.613365,1406748420
100.000000,-3.239872,-60.549515,1440575745
19.757536,-3.291897,-60.697556,1442002448
0.000000,0.000000,0.000000,0
100.000008,-3.230593,-60.616508,1446837953
100.000000,-3.210050,-60.626633,1388993818
100.000000,-3.221986,-60.539455,1415603468
100.000008,-3.178582,-60.593441,1399231260
100.000008,-3.292022,-60.651638,1398370951
99.999992,-3.199800,-60.618416,1434785058
71.411469,-3.227116,-60.628960,1396555371
44.561661,-3.185280,-60.564297,1440792265
50.647316,-3.183996,-60.537479,1444939298
81.849632,-3.190453,-60.569195,1442130144
0.000000,0.000000,0.000000,0
99.999992,-3.117093,-60.497303,1427828444
61.694504,-3.229328,-60.571850,1386445497
100.000000,-1.468401,-60.291092,1430982008
49.002243,-3.226460,-60.623497,1448997607
79.638527,-3.227304,-60.679001,1384802037
100.000000,-3.239369,-60.584854,1432453380
34.408997,-3.194338,-60.484917,1396638494
0.000000,0.000000,0.000000,0
78.920944,-3.160082,-60.428856,1431548523
99.999992,-3.222572,-60.618721,1426318563
100.000000,-3.209594,-60.618042,1432020230
99.283661,-3.216506,-60.607315,1427873067
46.066757,-3.183935,-60.552883,1438887586
100.000015,-3.248709,-60.575180,1391930748
100.000000,-3.207489,-60.565041,1425541437
100.000008,-3.215590,-60.640308,1434441076
99.999992,-3.204004,-60.608120,1391414396
100.000008,-3.221079,-60.633186,1429516645
9.346963,-3.168966,-60.533581,1436472851
100.000000,-3.203110,-60.583939,1394262435
0.000000,0.000000,0.000000,0
5.775353,-3.204537,-60.541553,1404760660
100.000000,-3.203858,-60.614594,1422343485
43.594246,-3.192784,-60.632225,1421177544
100.000008,-3.180906,-60.729862,1422687719
46.156490,-3.306087,-60.685349,1409430070
95.000275,-3.206406,-60.580338,1447487799
90.833809,-1.910884,-60.391754,1403594965
8.348816,-3.239941,-60.618614,1402862152
100.000000,-3.111800,-61.100689,1440231552
74.959114,-3.139951,-60.656693,1401951476
69.947762,-3.231984,-60.623245,1425324631
99.999992,-3.226277,-60.513954,1444550740
100.000000,-3.251309,-60.566196,1385967977
99.999992,-3.201848,-60.627796,1409213532
100.000000,-3.154921,-60.650600,1419922698
96.176292,-3.221991,-60.570549,1425802364
100.000000,-3.051251,-59.569336,1391280937
56.634331,-3.160335,-60.532959,1443034840
100.000000,-3.242218,-60.602173,1395517143
100.000000,-3.221677,-60.690704,1393013361
38.613922,-3.227768,-60.571465,1415042682
0.000000,0.000000,0.000000,0
100.000000,-3.260242,-60.511772,1403939195
99.999992,-3.204477,-60.606285,1391802931
28.024483,-3.231451,-60.589275,1435823360
100.000000,-3.231839,-60.599915,1443684624
100.000000,-3.232386,-60.564838,1426146521
100.000008,-3.206741,-60.626915,1420011819
15.195457,-3.220636,-60.595078,1444289740
0.000000,0.000000,0.000000,0
100.000000,-3.172056,-60.583588,1433708161
100.000008,-3.198575,-60.590836,1401002469
0.000000,0.000000,0.000000,0
43.613594,-3.287315,-60.725540,1412194815
35.548809,-3.198626,-60.613586,1385063141
87.247505,-3.214592,-60.647167,1443640001
92.583214,-3.184325,-60.484589,1440620131
99.999992,-3.193478,-60.606293,1433491637
3.551979,-3.189556,-60.570374,1385623840
0.000000,-3.223106,-60.558144,1409296703
100.000000,-3.213446,-60.526291,1418285257
100.000008,-2.599863,-60.480499,1385362849
0.000000,0.000000,0.000000,0
45.250298,-3.238630,-60.573563,1390592668
52.221634,-3.187568,-60.585716,1445888670
100.000000,-3.186351,-60.518383,1390853664
0.656502,-3.190071,-60.593071,1408563835
100.000000,-0.842740,-60.251049,1417763171
79.700142,-3.251867,-60.563225,1439193309
0.000000,0.000000,0.000000,0
0.000000,0.000000,0.000000,0
100.000000,-3.220268,-60.563126,1416380784
100.000000,-3.113389,-61.060917,1427789991
0.000000,0.000000,0.000000,0
53.385647,-3.201622,-60.576653,1439409723
0.000000,0.000000,0.000000,0
0.000000,0.000000,0.000000,0
100.000008,-3.199143,-60.562748,1429255558
3.107725,-3.227172,-60.578850,1437982965
100.000008,-3.222133,-60.592514,1444506238
89.344574,-3.208576,-60.557568,1399148257
100.000000,-3.237816,-60.581203,1438154953
40.074440,-3.223796,-60.641014,1442690753
38.961895,-3.212904,-60.660065,1412366917
0.000000,0.000000,0.000000,0
97.725166,-3.193595,-60.573368,1402040556
100.000000,-3.214926,-60.709457,1413227306
100.000000,-3.178921,-60.668976,1446016269
100.000000,-3.194937,-60.632568,1394695452
100.000008,-3.060085,-61.158424,1389082813
99.999992,-3.231148,-60.576042,1427745283
69.655830,-3.175444,-60.570480,1429644111
99.999992,-1.240357,-60.310402,1393918166
100.000008,-3.209112,-60.578247,1424592122
0.000000,0.000000,0.000000,0
26.930380,-3.190242,-60.550037,1401995915
98.707741,-4.040864,-60.486252,1445455487
36.782959,-3.231801,-60.664398,1424891642
100.000000,-2.638849,-60.508575,1397804470
100.000000,-3.224546,-60.635448,1430726843
100.000000,-3.232937,-60.534462,1414915291
51.901115,-3.191558,-60.622787,1413921373
0.000000,0.000000,0.000000,0
100.000000,-3.199508,-60.575150,1418457353
100.000015,-3.186606,-60.591339,1415520561
100.000000,-3.243395,-60.582668,1393313063
0.000000,0.000000,0.000000,0
99.999992,-3.168807,-60.636368,1426057508
0.000000,-3.216182,-60.581642,1436600492
94.037079,-3.213583,-60.710793,1385579174
98.805817,-3.220922,-60.575989,1449086616
99.999992,-2.953220,-59.623581,1429988138
99.547028,-3.208776,-60.622017,1432192343
100.000000,-3.195482,-60.559731,1413704834
93.245117,-3.189799,-60.609413,1401868464
100.000000,-3.231630,-60.644207,1394179184
99.266678,-3.174654,-60.551361,1449774770
91.372635,-3.195304,-60.597473,1419362009
0.000000,0.000000,0.000000,0
0.000000,0.000000,0.000000,0
100.000000,-3.180238,-60.594723,1442041176
99.407188,-3.176497,-60.574028,1415647823
99.999992,-3.168744,-60.668781,1417763136
0.000000,0.000000,0.000000,0
64.127495,-3.202065,-60.559586,1404461206
29.845406,-3.196655,-60.610950,1441869038
100.000000,-3.182303,-60.573299,1446665802
100.000015,-3.086946,-61.102692,1448526067
77.987167,-1.870068,-60.400394,1404977407
100.000000,-3.183091,-60.602596,1431459513
69.546478,-3.214017,-60.542000,1443556992
100.000000,-3.230331,-60.565071,1397116118
21.297380,-3.971764,-60.515594,1441308287
100.000008,-3.114900,-61.138596,1391847619
76.877922,-3.202921,-60.637581,1397415604
100.000000,-3.205569,-60.559898,1419234521
0.000000,0.000000,0.000000,0
98.503693,-3.216563,-60.517422,1431198480
100.000008,-3.276999,-60.683403,1424286483
100.000000,-3.165157,-60.676056,1394784456
100.000000,-3.229341,-60.642036,1399880998
40.995846,-3.182402,-60.596546,1439148709
100.000000,-3.195518,-60.579777,1404155638
59.459377,-3.201771,-60.540695,1397848713
0.000000,0.000000,0.000000,0
100.000000,-3.221064,-60.608383,1448653393
98.339111,-3.199290,-60.577377,1410334960
93.954109,-3.225789,-60.583645,1427440077
97.098221,-3.187299,-60.640385,1418540378
99.999992,-2.700776,-60.492344,1393574087
100.000008,-3.187597,-60.647453,1432281313
100.000000,-3.171308,-60.603252,1418890409
100.000000,-3.215069,-60.558849,1417030324
100.000000,-3.232113,-60.580292,1392880067
100.000008,-3.268402,-60.465591,1388477590
65.296631,-3.186120,-60.543297,1451157161
100.000000,-3.196462,-60.560692,1389382325
79.291588,-3.209775,-60.646721,1441958074
2.079473,-3.227605,-60.596581,1402384844
21.613894,-3.188417,-60.622162,1441136258
99.999992,-3.210011,-60.625454,1426796019
100.000008,-3.280055,-60.692295,1432325730
50.692127,-3.175251,-60.544380,1440270156
100.000000,-3.222668,-60.623055,1403683935
99.999985,-3.191671,-60.608017,1418629183
100.000008,-3.241505,-60.577942,1434007948
86.608788,-3.207764,-60.594902,1445455493
100.000000,-3.206198,-60.633133,1387955523
65.060532,-3.221787,-60.657169,1400702651
100.000000,-3.209676,-60.546688,1429427583
100.000000,-3.230087,-60.567295,1390637248
100.000000,-2.685907,-60.519196,1413271808
100.000008,-3.216526,-60.613548,1384846691
100.000000,-3.221862,-60.530273,1414526533
100.000008,-3.200763,-60.604488,1389426974
97.714813,-3.220850,-60.596138,1396682980
0.000000,0.000000,0.000000,0
99.999992,-3.198947,-60.717686,1435479164
97.580452,-3.183305,-60.563210,1392924417
21.164106,-3.205266,-60.526264,1438715574
0.000000,0.000000,0.000000,0
0.000000,0.000000,0.000000,0
100.000008,-3.182888,-60.619614,1447570794
2.689190,-3.214839,-60.621494,1417246886
100.000000,-3.187392,-60.619373,1385190729
100.000000,-3.197751,-60.592319,1428739312
44.892529,-3.730593,-60.504639,1414698691
49.414967,-3.218258,-60.623173,1410379377
99.999992,-3.229084,-60.566620,1447270954
0.000000,0.000000,0.000000,0
45.550732,-3.211146,-60.632835,1445500107
99.999992,-3.195418,-60.571999,1413443817
100.000000,-3.210886,-60.680229,1407831154
96.684380,-3.208627,-60.640881,1451546017
99.957115,-3.242313,-60.582176,1428217164
51.865372,-3.218440,-60.676899,1400008358
0.000000,0.000000,0.000000,0
100.000000,-3.179283,-60.601948,1420056083
0.267988,-3.252873,-60.559990,1388649639
35.882637,-3.243452,-60.620594,1405799035
0.000000,0.000000,0.000000,0
100.000000,-3.181180,-60.687984,1425197207
32.545055,-3.191318,-60.577698,1411373220
0.000000,0.000000,0.000000,0
95.320541,-4.654895,-60.392349,1400874586
100.000000,-3.248354,-60.621265,1427656434
99.470779,-3.056421,-61.124355,1412583573
79.252388,-4.251740,-60.469856,1402256924
100.000000,-3.188489,-60.562843,1424331057
100.000000,-3.179749,-60.660522,1410595958
100.000000,-3.014733,-59.537498,1417546580
0.000000,0.000000,0.000000,0
83.220474,-3.251708,-60.702724,1395000907
99.291054,-3.225049,-60.658962,1445022458
0.000000,0.000000,0.000000,0
99.999992,-3.209384,-60.599960,1386056897
37.386681,-3.234958,-60.602955,1402773266
97.204926,-3.216635,-60.557858,1424808453
0.000000,0.000000,0.000000,0
92.125725,-3.213624,-60.649326,1402473679
64.200340,-3.238316,-60.635468,1401307745
20.195395,-3.181581,-60.597107,1386789578
100.000008,-3.224883,-60.657616,1420355942
99.141853,-3.215867,-60.572853,1443945736
100.000000,-3.210338,-60.622272,1422948653
100.000000,-3.194908,-60.556171,1385496168
0.000000,0.000000,0.000000,0
91.996964,-3.205560,-60.612694,1398715073
0.000000,0.000000,0.000000,0
99.292725,-3.231583,-60.680023,1420139245
55.130585,-3.196418,-60.627174,1442474264
100.000000,-3.194052,-60.637260,1410984451
79.185043,-3.243731,-60.601154,1418845873
99.999992,-2.999703,-59.614834,1392663312
2.651399,-3.191305,-60.569252,1404805332
99.999992,-2.526166,-60.488499,1424069944
100.000000,-3.190135,-60.599102,1428478291
99.999992,-3.229219,-60.581684,1398453911
0.000000,0.000000,0.000000,0
100.000000,-3.208493,-60.663902,1423209658
83.884933,-3.238427,-60.638954,1385407239
99.999992,-2.383160,-60.481087,1433746744
0.845875,-3.230295,-60.571972,1386662094
46.049969,-3.156033,-60.502190,1402168049
18.429150,-3.299949,-60.640621,1442607737
54.798332,-3.229623,-60.628395,1390248536
99.999992,-2.959228,-59.581955,1409252035
100.000000,-3.209295,-60.533279,1410073887
98.224976,-3.228543,-60.623615,1409857334
0.000000,0.000000,0.000000,0
100.000000,-3.282296,-60.691425,1398020884
3.028076,-3.198618,-60.575577,1402645743
99.999992,-3.210197,-60.573463,1398670566
47.642906,-3.178835,-60.571701,1427484405
13.971398,-2.507269,-60.490711,1410506966
81.528664,-3.193561,-60.612709,1432841998
26.570133,-3.208878,-60.622154,1397721368
99.999992,-3.240978,-60.608414,1395039566
0.000000,0.000000,0.000000,0
94.321526,-3.198665,-60.518219,1400785588
34.951702,-3.211987,-60.625648,1399492345
100.000008,-3.226472,-60.604500,1409513177
100.000008,-3.244523,-60.654045,1425585781
100.000000,-3.209511,-60.593658,1428866732
88.658997,-3.209012,-60.611595,1425929893
0.000000,0.000000,0.000000,0
94.214920,-3.191456,-60.616703,1406359877
0.000000,0.000000,0.000000,0
88.012672,-3.188871,-60.565895,1425757779
100.000000,-3.212983,-60.639061,1393185400
99.999992,-3.237936,-60.606586,1433013910
86.191559,-3.218012,-60.649422,1445238982
52.066059,-3.188209,-60.621521,1417635460
100.000015,-3.005107,-61.114304,1429172514
0.000000,0.000000,0.000000,0
100.000000,-3.215007,-60.552299,1388560716
100.000008,-3.169711,-60.664005,1390892519
100.000015,-3.231871,-60.645134,1384891142
89.728691,-2.928306,-59.552052,1438282478
18.506035,-3.220374,-60.550186,1423337151
37.527271,-3.192218,-60.548527,1405410506
100.000000,-2.888700,-60.595375,1392274807
81.466263,-3.205192,-60.644726,1420572417
100.000015,-3.217044,-60.642010,1448781187
0.000000,-3.184406,-60.628036,1448953182
0.000000,0.000000,0.000000,0
86.811813,-3.225399,-60.626881,1408130699
100.000000,-3.222490,-60.589405,1399836408
99.999992,-3.218210,-60.636658,1428911302
98.480965,-3.130260,-60.509953,1387311733
64.875618,-3.204280,-60.623249,1416597146
0.000000,0.000000,0.000000,0
0.000000,0.000000,0.000000,0
88.709969,-3.190258,-60.568375,1446277342
99.999992,-3.190657,-60.606968,1432886406
13.820585,-3.216232,-60.633194,1437250156
99.999992,-3.185748,-60.628838,1445844202
98.953270,-3.218240,-60.583183,1451590222
100.000000,-3.199530,-60.575218,1396511023
35.146595,-3.202151,-60.638927,1391197849
27.379017,-3.243827,-60.622574,1442518634
100.000000,-3.148170,-60.658104,1446538422
100.000000,-3.597143,-60.470104,1396383244
99.999992,-3.022486,-59.599102,1423076091
7.465994,-3.216590,-60.621155,1440875235
80.565628,-3.211323,-60.635475,1404072505
0.000000,0.000000,0.000000,0
61.797569,-3.190218,-60.611950,1405366017
100.000008,-3.235645,-60.635078,1447226725
50.013523,-3.259682,-60.745941,1416342116
100.000000,-3.196094,-60.617245,1440658765
100.000000,-3.239003,-60.601566,1430943367
50.779469,-3.185851,-60.583935,1449602749
100.000008,-3.151931,-60.644657,1417158076
100.000000,-3.236103,-60.537304,1389338054
43.960609,-3.189821,-60.588196,1441741483
52.509594,-3.214658,-60.595554,1396122280
66.391258,-3.213201,-60.625011,1411239777
100.000000,-3.283124,-60.694511,1395606103
99.999992,-3.208649,-60.541683,1433663709
100.000015,-3.197559,-60.572067,1384974216
100.000000,-3.195706,-60.623631,1395950239
100.000000,-3.236549,-60.542347,1407309072
100.000000,-3.210326,-60.533749,1430338174
100.000000,-3.186203,-60.676613,1424675259
51.203102,-3.216432,-60.603199,1443251425
82.795197,-3.199530,-60.658264,1403378287
100.000000,-2.939071,-59.578960,1445194549
100.000008,-3.154390,-60.522488,1422043786
37.938877,-3.230863,-60.566990,1388605045
81.860390,-3.134683,-61.151817,1402906794
0.000000,0.000000,0.000000,0
100.000000,-3.187593,-60.619423,1391586489
100.000000,-3.215062,-60.526955,1397765754
100.000000,-3.208468,-60.631973,1388821812
100.000015,-3.228740,-60.600380,1438932386
0.000000,0.000000,0.000000,0
100.000000,-3.142284,-60.715351,1399536850
100.000008,-3.228766,-60.581638,1424547554
100.000008,-3.181630,-60.719292,1433746859
99.354507,-4.025546,-60.478180,1449602643
99.385193,-3.205991,-60.609020,1449819386
99.999992,-3.240690,-60.546097,1414310037
99.999992,-3.251713,-60.525383,1395644700
99.999992,-3.211011,-60.590363,1416036613
100.000000,-2.814149,-60.580643,1400569249
0.000000,0.000000,0.000000,0
0.000000,0.000000,0.000000,0
25.932348,-3.194909,-60.637371,1433275023
0.000000,0.000000,0.000000,0
0.000000,0.000000,0.000000,0
100.000000,-3.203875,-60.553234,1449946784
99.999992,-3.185161,-60.603123,1390809260
100.000008,-3.204476,-60.555359,1393790620
75.861458,-3.240723,-60.624275,1393701610
0.000000,0.000000,0.000000,0
100.000008,-3.160576,-60.729561,1434096844
100.000000,-3.297729,-60.532799,1387095174
28.328445,-3.382660,-60.559029,1389815428
100.000008,-3.207931,-60.614326,1397071649
0.000000,0.000000,0.000000,0
100.000008,-3.228143,-60.587902,1419406665
21.901947,-3.220203,-60.547821,1438543594
87.781860,-3.180819,-60.564323,1413316214
100.000000,-3.242180,-60.591423,1386229051
59.551254,-3.200576,-60.594154,1423165124
90.931953,-3.290808,-60.635151,1443990157
100.000000,-3.214489,-60.603359,1416208704
96.794365,-3.067029,-61.125786,1404289166
0.000000,0.000000,0.000000,0
100.000000,-3.210697,-60.544399,1438416080
100.000000,-3.241149,-60.576962,1442346596
99.999992,-3.244265,-60.628487,1385235087
99.312469,-3.171947,-60.549179,1414609602
100.000000,-3.176309,-60.665142,1397804382
0.000000,0.000000,0.000000,0
100.000000,-3.229048,-60.635723,1428955806
100.000000,-3.204534,-60.733047,1414393066
100.000000,-3.029540,-59.581425,1413399214
17.132526,-3.221978,-60.601624,1436211851
100.000008,-3.212726,-60.632210,1413532907
100.000008,-3.206176,-60.512074,1392796919
100.000000,-3.229587,-60.613461,1389598965
99.999985,-4.733012,-60.372803,1421610522
100.000000,-3.201355,-60.598278,1448825474
100.000000,-3.236465,-60.622040,1423120724
90.036331,-3.033885,-61.189217,1387700355
0.000000,0.000000,0.000000,0
3.161904,-3.207830,-60.565975,1436167494
0.000000,0.000000,0.000000,0
46.920139,-3.032264,-59.516106,1441047245
100.000008,-3.166682,-60.669418,1404716452
83.642990,-3.191921,-60.561295,1411672755
100.000000,-3.174460,-60.639805,1413010766
63.612637,-3.171257,-60.483414,1406060142
42.884468,-3.218785,-60.653450,1406837375
100.000000,-3.242937,-60.595127,1398887042
100.000015,-4.248407,-60.452950,1393962732
96.014404,-3.056777,-61.114784,1405671476
100.000000,-3.224212,-60.577202,1400269468
40.894402,-3.230241,-60.628529,1438110372
0.000000,0.000000,0.000000,0
93.116272,-2.840763,-60.503223,1386745229
7.435890,-3.097758,-61.092888,1442996404
60.564663,-3.272785,-60.673492,1428178541
47.189751,-3.236052,-60.616638,1388732787
40.865963,-3.236092,-60.574619,1412105856
0.000000,0.000000,0.000000,0
99.559151,-3.219666,-60.656273,1397160521
100.000000,-3.142118,-60.575459,1432364360
100.000000,-3.164755,-60.651562,1403334014
99.006119,-3.226055,-60.606220,1439970488
100.000000,-3.213685,-60.583260,1426751624
4.255416,-3.219142,-60.618824,1449647322
100.000000,-3.186874,-60.569366,1412494599
100.000000,-3.215327,-60.530682,1436339511
0.000000,0.000000,0.000000,0
29.015736,-3.208174,-60.619850,1450335604
100.000000,-3.226022,-60.592873,1449430596
100.000008,-3.193475,-60.561287,1387439477
100.000000,-3.219364,-60.496704,1450940737
100.000000,-3.216998,-60.619061,1427356924
62.135483,-3.188017,-60.618015,1446321776
0.000000,0.000000,0.000000,0
22.182520,-3.220832,-60.606544,1404327685
99.999992,-3.217873,-60.642094,1446710450
100.000000,-3.205399,-60.580597,1421910412
100.000008,-3.206890,-60.573246,1410551474
30.110634,-3.211442,-60.594345,1448436992
100.000000,-3.235831,-60.571388,1409901880
100.000000,-3.242234,-60.566593,1431587219
72.850380,-2.940916,-59.601784,1410634501
100.000000,-3.001142,-59.487122,1427223308
99.999992,-3.232383,-60.525681,1390720318
100.000000,-3.210511,-60.599117,1445067037
97.971237,-3.192067,-60.607140,1426363124
80.998306,-3.180214,-60.696342,1445411157
51.358231,-3.219432,-60.573181,1440186960
100.000000,-3.261101,-60.706676,1404932855
100.000000,-3.218041,-60.627090,1385018661
25.729872,-3.243740,-60.621674,1419795000
27.800798,-3.215832,-60.620201,1407009368
54.230137,-3.217425,-60.590706,1435606780
100.000000,-3.196362,-60.578613,1395905856
100.000008,-3.212316,-60.539574,1407442475
54.683235,-3.174387,-60.533760,1386356545
100.000008,-3.235136,-60.556583,1420833468
70.429451,-3.193160,-60.623402,1449691732
100.000008,-3.024247,-59.723042,1385751375
100.000000,-3.224678,-60.622559,1413488185
87.422424,-3.239237,-60.652622,1436122880
100.000000,-3.229242,-60.571407,1401390729
100.000000,-3.239847,-60.605381,1387827812
7.912715,-3.190819,-60.542835,1424114511
43.565285,-3.188478,-60.590382,1437422233
100.000000,-3.239216,-60.644218,1392408247
100.000000,-3.216942,-60.629238,1428134122
0.000000,0.000000,0.000000,0
58.257359,-3.232920,-60.603233,1411156581
86.814896,-2.990252,-59.621826,1435517749
100.000000,-3.227502,-60.621933,1448003857
93.073547,-3.207023,-60.613457,1429127860
68.306503,-3.179706,-60.576534,1410118279
6.387912,-3.203487,-60.592411,1435995435
99.999992,-3.229179,-60.599419,1398931666
90.727272,-3.195650,-60.601421,1435562313
32.652195,-3.229110,-60.536449,1435734391
100.000008,-2.596753,-60.535873,1426751707
0.000000,0.000000,0.000000,0
52.929543,-3.170598,-60.560223,1444334096
99.999985,-3.198809,-60.517334,1419883976
0.000000,0.000000,0.000000,0
39.840229,-3.207719,-60.611366,1409385679
100.000008,-1.298051,-60.231247,1429599629
61.116798,-3.213393,-60.628235,1437721914
0.000000,0.000000,0.000000,0
100.000000,-3.279068,-60.639748,1389121294
0.000000,0.000000,0.000000,0
23.292145,-3.220444,-60.542866,1389943169
100.000000,-3.218183,-60.630276,1398109833
45.001381,-3.198869,-60.573540,1388432903
0.000000,0.000000,0.000000,0
0.000000,0.000000,0.000000,0
100.000000,-3.256299,-60.644794,1419278939
88.502045,-3.183825,-60.582333,1448264921
99.999992,-3.219934,-60.625031,1402945194
100.000008,-3.196704,-60.480976,1448914549
100.000000,-3.197045,-60.529236,1448392409
0.000000,0.000000,0.000000,0
100.000000,-3.209411,-60.570446,1429083507
49.971710,-3.212191,-60.489990,1436728094
0.000000,0.000000,0.000000,0
100.000008,-3.226569,-60.656700,1412150478
0.000000,-3.231141,-60.587738,1442735329
99.804100,-3.196516,-60.561962,1448870141
100.000000,-3.202808,-60.535286,1425974535
0.000000,0.000000,0.000000,0
0.000000,-3.190350,-60.633446,1437205743
78.979858,-3.194593,-60.631737,1410723418
0.000000,0.000000,0.000000,0
100.000000,-3.194615,-60.593147,1432408733
100.000000,-3.252022,-60.540787,1412755647
99.386513,-3.191959,-60.631966,1402084896
1.029977,-3.239087,-60.564316,1406792862
100.000008,-3.203811,-60.562969,1446060801
76.188606,-3.210045,-60.673626,1402301655
65.159203,-2.956502,-59.559551,1439664878
100.000008,-3.219757,-60.574108,1423292861
100.000008,-1.307440,-60.259953,1446793551
99.999992,-3.201773,-60.563736,1446882439
0.000000,0.000000,0.000000,0
34.409569,-3.238405,-60.593445,1395128584
100.000000,-3.194265,-60.577831,1400052942
100.000000,-3.238751,-60.567791,1444678198
100.000000,-3.245571,-60.564072,1404372242
99.999992,-3.149748,-60.570999,1448564417
0.000000,0.000000,0.000000,0
99.999992,-3.224685,-60.610825,1414093400
100.000000,-3.255573,-60.548244,1408086387
99.999992,-3.220864,-60.509232,1450080346
0.000000,0.000000,0.000000,0
52.968834,-3.212150,-60.611084,1385668238
29.356476,-3.159419,-60.666912,1444028777
100.000000,-1.438262,-60.351273,1391153448
100.000008,-3.229605,-60.586079,1444461880
0.000000,-3.206990,-60.611469,1417419044
50.003632,-3.240739,-60.612225,1409774128
51.769882,-3.221490,-60.632179,1421438532
0.000000,-2.554714,-60.514820,1417419007
100.000000,-3.222023,-60.601471,1423814875
0.000000,-3.209744,-60.631344,1439276308
99.099258,-3.177611,-60.606609,1385279856
98.729263,-3.700271,-60.502693,1420228208
0.000000,0.000000,0.000000,0
84.919113,-3.210447,-60.620941,1449214225
0.000000,0.000000,0.000000,0
0.000000,0.000000,0.000000,0
100.000000,-3.205519,-60.523239,1420744399
100.000008,-3.229040,-60.629219,1414482178
61.304626,-3.257083,-60.643456,1441225210
99.999992,-3.215437,-60.607052,1392363827
72.604340,-3.177482,-60.575668,1388261005
99.999985,-3.223326,-60.634171,1404027978
51.971508,-3.199596,-60.612488,1427312297
100.000008,-3.313288,-60.515549,1424031382
99.999992,-3.094612,-61.107300,1449908276
0.000000,0.000000,0.000000,0
0.000000,0.000000,0.000000,0
100.000000,-3.244765,-60.595863,1398326473
100.000000,-3.190679,-60.626587,1422432475
100.000000,-3.199625,-60.570984,1445933211
47.938271,-3.190499,-60.534096,1440098116
65.283783,-3.212726,-60.672703,1448175972
100.000000,-3.189857,-60.534744,1444245270
96.041977,-3.202835,-60.658253,1430421275
0.000000,0.000000,0.000000,0
0.579670,-3.237693,-60.579788,1414654245
100.000000,-3.228932,-60.560009,1432797446
100.000000,-3.219055,-60.612190,1444633883
32.696663,-3.226989,-60.587753,1399059065
0.000000,0.000000,0.000000,0
100.000008,-3.247713,-60.622993,1442257730
7.819039,-3.241329,-60.611656,1408391749
96.940201,-3.201877,-60.577442,1434957127
100.000015,-3.228090,-60.576557,1412322649
97.221115,-3.209136,-60.651718,1419967256
79.566521,-3.223135,-60.574440,1401046698
100.000000,-3.203371,-60.581825,1425496757
98.509926,-3.241731,-60.622665,1450596626
48.022636,-3.203421,-60.481377,1439237710
99.693214,-3.207436,-60.540527,1428350466
100.000000,-2.873271,-60.500137,1425452366
52.451790,-3.201134,-60.625191,1435950883
78.735405,-3.211835,-60.627949,1412277963
0.000000,0.000000,0.000000,0
100.000000,-3.203256,-60.624363,1392535788
30.473858,-3.186592,-60.611526,1418412661
100.000000,-3.123471,-61.148540,1395994818
0.000000,0.000000,0.000000,0
100.000000,-3.113718,-61.127769,1437466787
100.000008,-3.208085,-60.544235,1449386291
0.000000,0.000000,0.000000,0
0.000000,0.000000,0.000000,0
100.000008,-3.244809,-60.588959,1400397230
100.000008,-2.993994,-59.571945,1395428219
89.912651,-3.214725,-60.581490,1409729860
100.000000,-3.196541,-60.581635,1387267368
100.000000,-3.214237,-60.629471,1409124663
99.999985,-3.116593,-61.168648,1415348259
92.592789,-3.264713,-60.721222,1387738815
46.249985,-3.216390,-60.557968,1444073066
30.560583,-3.279167,-60.722050,1435695670
100.000015,-3.219242,-60.600357,1393574255
100.000000,-3.204505,-60.663383,1433102999
0.000000,0.000000,0.000000,0
100.000000,-3.202131,-60.632500,1398542969
100.000000,-3.213092,-60.569817,1403078902
100.000000,-3.182998,-60.667233,1408691508
41.787941,-3.211195,-60.670689,1435651350
100.000008,-3.206753,-60.592659,1387178372
100.000000,-3.285058,-60.593239,1426018867
99.999985,-3.211922,-60.493057,1421521585
89.216980,-3.210640,-60.553116,1444417297
99.999992,-3.117807,-61.157845,1416730638
100.000000,-3.228769,-60.617249,1439537428
71.181549,-3.225159,-60.741798,1408047672
0.000000,0.000000,0.000000,0
100.000008,-3.175445,-60.610493,1426490842
100.000000,-2.787851,-60.544380,1394956487
2.560787,-3.131675,-60.664902,1411978402
100.000000,-3.214844,-60.600677,1388388649
54.466450,-3.184664,-60.491524,1418501657
100.000000,-3.251648,-60.552025,1450768611
0.000000,-3.204821,-60.587593,1410506877
100.000000,-3.257021,-60.559723,1399014765
100.000000,-3.195557,-60.582104,1397288314
100.000000,-2.816277,-60.550224,1432281350
52.520805,-3.226687,-60.578194,1450207811
100.000000,-3.219373,-60.613079,1421999407
99.400429,-3.037034,-59.621620,1414781710
99.999992,-3.236230,-60.560055,1394306723
80.456543,-3.234429,-60.611702,1441308267
76.421982,-3.194212,-60.599220,1423381781
71.496185,-3.223794,-60.592014,1405971044
14.043826,-3.181925,-60.613045,1435390215
100.000000,-3.207962,-60.584007,1422515570
100.000000,-3.222958,-60.552750,1447315611
100.000008,-3.236861,-60.573582,1404200217
100.000008,-3.204568,-60.586964,1387006219
94.138054,-3.230532,-60.597626,1397243667
83.726456,-3.274843,-60.664299,1430593277
80.472237,-3.200467,-60.604267,1395083985
0.000000,0.000000,0.000000,0
100.000000,-3.232775,-60.621944,1399275824
0.000000,0.000000,0.000000,0
100.000000,-3.228880,-60.630363,1429860703
46.155010,-3.231025,-60.620476,1436039831
100.000000,-3.196199,-60.636158,1430032785
0.000000,0.000000,0.000000,0
36.664135,-3.955037,-60.471741,1442690752
100.000000,-3.245512,-60.604244,1406576263
100.000000,-3.252607,-60.552174,1399708911
0.000000,0.000000,0.000000,0
100.000000,-3.191898,-60.679539,1393485132
0.000000,0.000000,0.000000,0
0.000000,0.000000,0.000000,0
99.999992,-3.203860,-60.533081,1424031235
99.999992,-3.231977,-60.527084,1413615960
100.000008,-2.242079,-60.423836,1396422111
87.405472,-3.041444,-59.583790,1396810475
0.000000,0.000000,0.000000,0
0.000000,0.000000,0.000000,0
0.000000,0.000000,0.000000,0
0.000000,0.000000,0.000000,0
28.517328,-3.200437,-60.592190,1402212598
100.000000,-3.191211,-60.607407,1393141040
100.000008,-3.169937,-60.648090,1405066509
37.453087,-3.204534,-60.553177,1406531971
98.668396,-3.218613,-60.573544,1431975774
100.000000,-3.244931,-60.507751,1449558422
68.098465,-3.038732,-59.628765,1434135360
99.999992,-3.234738,-60.580597,1385795882
100.000000,-3.175221,-60.712318,1400569198
98.397850,-3.208397,-60.568130,1396077955
100.000000,-3.230881,-60.604801,1387394678
100.000008,-3.185145,-60.630989,1401607578
7.785734,-3.200280,-60.645390,1408003255
100.000008,-3.192013,-60.563934,1391758615
65.662354,-3.186384,-60.580826,1451246189
100.000000,-3.207858,-60.678158,1406315283
73.407486,-3.202019,-60.648716,1448220391
74.611961,-3.199959,-60.598881,1393357425
18.855686,-3.216392,-60.617783,1433447016
99.999992,-0.749373,-60.229385,1438499087
100.000015,-3.237439,-60.582985,1450813197
0.000000,0.000000,0.000000,0
23.595903,-3.199962,-60.645519,1427267987
0.000000,0.000000,0.000000,0
100.000000,-3.226920,-60.580406,1391153389
100.000015,-3.178441,-60.562714,1395173075
99.999992,-3.195197,-60.586781,1443423485
100.000008,-2.244663,-60.434822,1416036607
98.189491,-3.230690,-60.538605,1394956541
67.967857,-3.214701,-60.527687,1410207280
47.525967,-3.260973,-60.699142,1443384915
100.000015,-3.194672,-60.642406,1389510137
100.000000,-3.230434,-60.577301,1430510192
0.000000,0.000000,0.000000,0
45.577854,-3.208637,-60.661655,1441263861
90.581947,-3.158626,-60.542137,1399925379
100.000000,-3.215610,-60.598286,1389859998
65.870567,-3.198361,-60.651123,1417807613
99.999992,-2.979042,-59.539227,1442429643
35.086948,-3.243629,-60.597771,1415431416
61.951015,-3.205640,-60.564636,1401823943
99.999992,-3.143174,-60.728996,1430981962
51.755135,-3.249007,-60.634277,1417724483
100.000000,-3.201910,-60.634407,1450163425
100.000000,-3.235038,-60.623169,1446105348
100.000000,-3.221781,-60.643040,1415214842
100.000000,-3.214823,-60.543739,1421049985
100.000000,-3.211835,-60.627651,1399664275
100.000000,-3.268127,-60.520493,1428822401
100.000000,-1.609236,-60.311218,1449558287
100.000008,-3.066400,-61.118107,1431937192
99.999985,-3.207469,-60.664490,1422820815
24.989082,-3.204046,-60.624260,1435001559
99.999992,-3.250412,-60.662830,1395255957
100.000000,-3.185778,-60.571724,1385840372
100.000000,-3.229050,-60.602440,1415908898
100.000008,-3.180615,-60.541664,1417979691
0.000000,0.000000,0.000000,0
100.000000,-3.204343,-60.599930,1445716558
80.509918,-3.228620,-60.617329,1400658161
99.999992,-3.245183,-60.568306,1431242957
99.623451,-3.191904,-60.560291,1451851203
0.000000,0.000000,0.000000,0
53.533279,-3.263978,-60.635323,1433358219
100.000008,-3.245216,-60.599434,1389210324
78.167870,-3.200506,-60.545383,1433963304
0.000000,0.000000,0.000000,0
99.999992,-3.245327,-60.622578,1394739777
94.505165,-3.196787,-60.604473,1449991471
100.000000,-3.247903,-60.598690,1387655715
100.000008,-3.199442,-60.600288,1414437589
100.000008,-3.243339,-60.661243,1420489335
100.000000,-3.191998,-60.600208,1430204767
100.000000,-3.263582,-60.519245,1437116807
100.000000,-3.208318,-60.570614,1396294422
100.000000,-3.166720,-60.632633,1398154365
57.513096,-3.245133,-60.618340,1436989075
70.849930,-3.212710,-60.593132,1395861184
60.700104,-3.218645,-60.572868,1388344069
98.707069,-3.213133,-60.647339,1405454798
100.000000,-3.177897,-60.631676,1393657194
0.000000,0.000000,0.000000,0
33.332287,-3.349649,-60.574051,1418845829
23.043167,-3.475968,-60.534973,1428261501
51.147705,-3.221774,-60.623970,1438371490
0.000000,-2.395222,-60.477943,1411889513
100.000000,-3.207333,-60.582901,1392147094
100.000008,-3.204486,-60.612049,1391369908
98.797890,-2.944167,-59.569778,1420311142
100.000000,-3.227437,-60.747238,1402518002
0.000000,0.000000,0.000000,0
21.811272,-3.193888,-60.587723,1417291338
98.159973,-3.242858,-60.588722,1398281988
0.000000,0.000000,0.000000,0
100.000000,-3.135854,-61.107510,1438849156
100.000000,-3.217480,-60.561104,1443295859
100.000000,-3.155044,-60.655270,1396772011
100.000000,-3.218496,-60.583820,1391541978
0.000000,-3.224091,-60.577343,1443079473
85.592743,-3.197983,-60.626934,1424375439
100.000008,-3.183513,-60.564236,1403206333
100.000000,-3.081587,-61.169842,1430554813
59.541718,-3.211373,-60.588509,1437766345
21.410816,-3.221943,-60.581322,1405149551
82.317642,-3.203527,-60.505314,1389471350
100.000000,-3.229828,-60.627037,1451717937
51.556007,-3.185508,-60.618038,1406448842
100.000008,-3.216714,-60.558445,1418973624
90.703728,-2.966914,-59.570549,1432752888
99.999985,-1.844227,-60.374817,1420183723
99.999992,-3.233047,-60.626553,1400225028
92.886162,-3.235220,-60.678513,1425413724
99.999992,-3.191576,-60.699566,1429949604
68.977409,-3.186309,-60.587906,1430682321
99.999992,-3.214591,-60.514427,1410851069
9.384092,-3.232930,-60.565742,1432236661
91.142891,-3.057498,-61.097466,1451290678
95.721809,-3.207099,-60.610809,1431892605
84.256409,-3.297966,-60.691620,1419106876
100.000000,-3.211328,-60.625214,1445799737
62.121387,-3.869609,-60.499329,1444073130
99.999992,-3.220983,-60.566254,1418068389
0.000000,0.000000,0.000000,0
0.000000,0.000000,0.000000,0
100.000000,-3.175306,-60.640713,1401091219
7.995935,-2.197468,-60.478863,1423986907
75.388802,-3.197610,-60.614258,1422559971
100.000000,-3.200850,-60.607246,1451762388
100.000000,-3.200934,-60.655960,1426579594
0.000000,0.000000,0.000000,0
39.781776,-3.232168,-60.714043,1406665271
72.260574,-3.221957,-60.575317,1441697054
100.000000,-3.041533,-61.178055,1400141927
26.358360,-3.184832,-60.567474,1404588762
100.000008,-3.211474,-60.596645,1413144247
100.000008,-3.201512,-60.647034,1400314122
98.696945,-1.527456,-60.393986,1441263973
74.772751,-3.201320,-60.564003,1401696497
100.000000,-3.110107,-61.147999,1407053963
0.000000,0.000000,0.000000,0
99.624344,-3.247529,-60.670818,1422298980
77.056053,-3.246285,-60.652725,1429732996
0.000000,0.000000,0.000000,0
99.999992,-3.240772,-60.646866,1426879204
94.973457,-3.208834,-60.539501,1431115296
0.000000,-3.240118,-60.592705,1436772717
100.000008,-3.109371,-61.133720,1390465191
0.000000,-3.234188,-60.616592,1451201741
99.999992,-3.192537,-60.606998,1427917415
0.000000,0.000000,0.000000,0
100.000008,-3.218847,-60.573193,1424158994
100.000000,-3.202745,-60.650143,1395778130
42.949398,-3.223395,-60.606941,1423770269
0.000000,0.000000,0.000000,0
99.999992,-3.225388,-60.563946,1384629986
95.659645,-3.243577,-60.608116,1428089563
100.000000,-3.211513,-60.630543,1420183862
100.000000,-3.050983,-61.147816,1393229926
0.000000,0.000000,0.000000,0
100.000000,-3.211969,-60.580063,1434613007
58.417999,-3.218239,-60.641415,1416425271
0.000000,-3.189710,-60.580147,1438588156
100.000000,-3.228493,-60.641582,1422126780
85.526451,-3.187916,-60.567924,1425152601
100.000008,-3.214072,-60.532608,1385884986
99.999992,-3.055475,-61.134506,1409818673
100.000000,-3.218392,-60.628956,1421005496
99.999992,-3.225628,-60.617294,1415692427
30.858616,-3.169626,-60.507996,1411844879
99.999985,-3.264301,-60.661530,1418756759
73.085854,-3.216831,-60.664612,1399320137
36.780361,-4.334204,-60.427471,1429643943
0.000000,0.000000,0.000000,0
0.000000,0.000000,0.000000,0
0.000000,0.000000,0.000000,0
91.046074,-3.222645,-60.552624,1425108208
94.829605,-2.981115,-59.674328,1387133787
52.405663,-3.198299,-60.594738,1445111353
0.000000,0.000000,0.000000,0
98.841057,-3.248045,-60.625946,1394478945
81.355690,-3.207640,-60.579330,1450857660
68.137421,-3.192703,-60.597115,1436256495
0.000000,-3.244910,-60.577667,1439798327
0.000000,0.000000,0.000000,0
0.000000,0.000000,0.000000,0
0.000000,0.000000,0.000000,0
41.923149,-0.638297,-60.247547,1413615886
100.000008,-3.186860,-60.608429,1410895634
0.000000,0.000000,0.000000,0
99.627335,-3.161383,-60.525627,1392491323
99.999992,-3.194768,-60.572899,1416813837
4.014426,-3.230181,-60.617687,1404849860
99.999992,-3.202186,-60.595894,1399791933
10.476049,-3.233516,-60.634888,1441913575
86.039337,-3.025483,-59.533142,1425840932
4.310122,-3.228828,-60.605980,1438976629
100.000015,-3.247031,-60.592499,1449475389
0.000000,0.000000,0.000000,0
100.000000,-3.208888,-60.544689,1394007243
100.000000,-3.214382,-60.540771,1417680044
100.000000,-3.206924,-60.665478,1408219700
0.000000,0.000000,0.000000,0
100.000000,-3.202371,-60.565842,1414221094
16.269886,-3.176853,-60.587902,1402257145
0.000000,0.000000,0.000000,0
100.000000,-3.165494,-60.443504,1434313311
100.000000,-3.237812,-60.629269,1394134632
0.000000,-3.204580,-60.591045,1450424529
0.000000,0.000000,0.000000,0
0.000000,0.000000,0.000000,0
99.999992,-3.192002,-60.621475,1384674472
96.826668,-3.220638,-60.600151,1444117700
55.064461,-3.174789,-60.616985,1433835748
100.000008,-2.766582,-60.530602,1392191812
99.943672,-3.189830,-60.605900,1437938363
94.641083,-3.183943,-60.612705,1418801491
0.000000,0.000000,0.000000,0
96.162933,-3.217541,-60.607536,1449303082
100.000000,-3.037642,-61.148060,1436084420
100.000000,-3.223652,-60.579922,1413876969
0.000000,0.000000,0.000000,0
0.000000,0.000000,0.000000,0
99.999992,-3.213985,-60.647659,1423681301
100.000000,-1.523045,-60.286537,1445411065
